{"file_hashes":[{"block_hashes":["JSeZM6wkmrUaHESFna98stftWnm9ruPt4F/hQrC2G7Q=","R0K0OCsaYNt4t8vu/b4mJb6jB6CX0oDHCof9cVH7xSw=","JieDH5SuzEwhuZW/g9VpzXCtTFyoAYijWFqIBOOg+Yg="],"block_size":4096,"path":"background.js"},{"block_hashes":["EL61Bq17yNLvRxHGGne7LzEfzUHr0VKMkJAI73jJ9xk=","oHN5Mk8qwrZZQahSvmXtKpo16Ml+2PuoMXH2OqqgvOU="],"block_size":4096,"path":"captcha/awscaptcha.js"},{"block_hashes":["6JT1tL7YsweQh+lHUtZrguUP9VYlq3DNg0KPWXWAuHU=","t7aWCJHZmXSucx4bcpk8Lgc5BWrXSNcGfhMNKv2Yhhc="],"block_size":4096,"path":"captcha/funcaptcha.js"},{"block_hashes":["rhBU814zd0jfaBBvzz96M/W8t9865VBxsdTJQtGL72c=","rLR18SYGnCqSQbkrW0GS94UmeQG6qBpV/oge8rG3hTw=","yY021BA6wunP16BGXnhv8ccj4JniCtRmSzn3gvMU/Ts="],"block_size":4096,"path":"captcha/hcaptcha.js"},{"block_hashes":["6ERHVZpf32OxCiiMLtZbaA7I064tUDffM7gX6H7ivWg="],"block_size":4096,"path":"captcha/perimeterx.js"},{"block_hashes":["ZWEhieARLBKZxwdUCTofoxZLgVXkI1UX/W0KT3qiBj0=","3ns3X2Arqqjv7C+VW2eVCHWMcS9cZIm9eM7lDJU7h44="],"block_size":4096,"path":"captcha/recaptcha.js"},{"block_hashes":["bd0R4cIwYdHtTDBQEZ62+wnhr8oqIhKS+bf26y05K6k=","XsBZ1/DYnD2acRh2ooRlvY3wlJnD437e172kTXSxTbA="],"block_size":4096,"path":"captcha/textcaptcha.js"},{"block_hashes":["ljMc7Xvy3FDfvxUf6KjLr3QHTlJY/76YlSh6mdTXtkU="],"block_size":4096,"path":"captcha/turnstile.js"},{"block_hashes":["JtNucIXE9yr1rFZyE1qeOVPibmcI3FtbD8/fUeF5Vac="],"block_size":4096,"path":"eventhook.js"},{"block_hashes":["2DIhj1B+IuaNhcHK0EhnBpY4JamsRpaIZ711IwI7M0E="],"block_size":4096,"path":"eventhook/loader.js"},{"block_hashes":["dnVoxq9Xd1hoXbYlzjNruBvrpwQVrVrElvqBMUC8tt4=","1FJw5HELANO4xjpGgMuKKI0Ur+k2dIxyClfvqgsKjwQ=","cZJgF8ap45g2QqCWwkB6j21gaZkH/dz7thaw6pcppoU="],"block_size":4096,"path":"icon/128g.png"},{"block_hashes":["xTmpxUmHMeq+Rlm85Dao9nAu6N+bFU9BvQyL9wJ1Tpo=","gIjTnumcntNg/SewVO/6MqNHTXZKv2I6DI5RxsgJ2GU="],"block_size":4096,"path":"icon/16g.png"},{"block_hashes":["RtrJagSgkAJ54Hvuncu2VFJiw0FA7lcyuHFtHjRvr1I=","e5AyizGNfIw3d9EUiUTXMbJ97DyZxFCnSVfyhgdhWBY="],"block_size":4096,"path":"icon/32g.png"},{"block_hashes":["7+zNNqS6ZZDpovo+PfJROxentYS19yiUJB3qi+ED+lQ=","R7hxEiC19mgAHvvPa5gJyAjQLMd1rJpHmFLcFa10Qs4=","qKhhJdsqF+b4o9b5istijuNge0BE/U2qx/zxeunFkQ8="],"block_size":4096,"path":"icon/48g.png"},{"block_hashes":["O4wsVKJslquLPUKVlJJYk72NPEgwgJDVZa3TR/yygls=","h+HBEkcJuaSAQw9aTzaoHiZDdLPPdVHv8o/uMhJ6Q5Q=","T/xCntd1b9jAI1wuJ113TiN1cAJqC+3wEumm5FBpzcM="],"block_size":4096,"path":"lib/selector.js"},{"block_hashes":["oeqKlmJN0VDJKO8PoRO2J/zXuf3Kr6vqehy+o2WCphk=","es7iAtNJrG1KVPZiZK5s/mBldMaMFbTALMKZ3By24Lk=","4mneJzfy/6qT6DaxneP99C0mZ+hGHGohvb0Aow7cg9A="],"block_size":4096,"path":"locate.js"},{"block_hashes":["EsnMRw7moYg6y/9XBPYjMffLiaQPvGuZEDe9/dC0ikw=","lPJ4F9Pb4TJTAm4b9E1xdaxGqCpM451/vbAKd7JRWi8=","AoVNpiR45900A21wrkfzPgy1CkaYUsufgcKLlc01vc8=","CRilBMlS7uBkbc/0DVIly3kTkg0h3MjmnZnedlxDxA4=","hNcgYVqpgftmetQ/nEjmiWjVaF6tc71GYasB49g7hn0="],"block_size":4096,"path":"pages/funcaptcha-demo.js"},{"block_hashes":["EqAbdxnjidKXeCyH4zr9TMFgJBQfmBgwm7HTaNScQS8="],"block_size":4096,"path":"pages/integrate.js"},{"block_hashes":["6w7yu+NCmh2GeFJnhwNHVGtlVntqF7/NMZWd3+VcRNo="],"block_size":4096,"path":"pages/setup.js"},{"block_hashes":["184nPHakHUukvhsDJ5f57Uxrun2aWjL7XMYwlM07fUk=","eI1RVy2qyIYRJfmCqyCAWDmcCkeprhcfvzSp7rFOn5E=","H3CNMNOKZHtSgp+h44Ldw0M19QsydKtHx73U2O9/tRY="],"block_size":4096,"path":"popup.css"},{"block_hashes":["Lr1DraJUwLFC89HHeGAk6UH6QnBREHPYZc8OILX+fOE="],"block_size":4096,"path":"popup.html"},{"block_hashes":["JiKIAlMgiRQ4jW1EGkO5sEdNYhmTSjuslH0U7ZSy5k4=","wXM+Qw8pEAZLhPtnlrvLFUa9v9Nn2l9U8pvg2knRVE0=","mZDX/rwzeiOwaSCGpFzUJ2Bty3x34HAPz/qhcfG2OwE=","yMWJhBVv2I1WTIl2DMu3AeTSBgO8nxGCeOdYU5u+PPM=","edVhtK5kc5nedEaE1/kURrB9uamaJE5tFjTWbyUuY+Q=","skv8oAhWySBCeLCfZYLBnibi1p2bgV2+FQDxBG8NDHg=","M3bOBroo08pEssVbVINMVhPWHp04qmToozTiXeGaBJs=","3RgTW69VzcQ5qJwdav7FcjXFXCyxWoSSss4sNueL5CY=","0zY3nSabBeQMid3Nqtq/LLdWQtlOTnK4HRkbzyi8yWA=","8TDyf9m4ufDT+vh9cOF4tEVVpmfX+EMJ3aGp59JDICs=","4Y6zVguPYj/vyXievlBzQErKC1VTKmof2bQu4aMXAK4=","mWtiqS3CNpJr4Jd/anIM1mdpgMQZQGc9+uPU+jwwzk0=","6jZ2BHYM/dQnjo9qYkwWqeQJjtRRWvYebrGIdqnL/YI=","Juz8A9UiVO0Rqmdziy/x6cmvCGOpxz0WdSk+fYJuDY0=","l+RkOLh0s0KlwyGTy4mW7gWImpuuPBwvVjooOkY7qWA="],"block_size":4096,"path":"popup.js"},{"block_hashes":["5JGO7r2cfjBRUy3kulzECH4TPRpYSle90u/G41CsKBU="],"block_size":4096,"path":"setup.html"}],"version":2}